Region;Gene
RL;OLIG3
RL;CALCA
RL;RSPO1
RL;CALCB
RL;NEUROG1
RL;WNT2B
RL;RSPO3
RL;ATP6V1C2
RL;SLFN13
RL;DPYD
RL;TPBG
RL;CCDC60
RL;C2orf71
RL;NPS
RL;GLRA1
RL;FCER2
RL;MSX1
RL;FBXO32
RL;ACTC1
RL;WDR72
RL;CACNA2D4
RL;C1orf168
RL;OTX2
RL;SNORA80B
RL;RSPO2
RL;SLFN11
RL;CRYAB
RL;LMX1B
RL;GALNT5
RL;OPTC
RL;NEUROD4
RL;SULF1
RL;BMP4
RL;DCT
RL;CENPW
RL;EOMES
RL;INSC
RL;OLFML1
RL;DSC3
RL;LRIG3
RL;PTPRQ
RL;RPGRIP1
RL;WNT1
RL;ELN
RL;LMX1A
RL;DDN
RL;CSRP2
RL;SLIT2
RL;FOXN4
RL;KCNMB1
RL;KCNJ2
RL;PGM5
RL;CACNA1F
RL;GPR64
RL;NMU
RL;WIF1
RL;PPP1R17
RL;SLC22A3
RL;TMEM235
RL;ITGA2
RL;TNFRSF11A
RL;CDHR1
RL;ABCA13
RL;TP73
RL;EYS
RL;HIST1H3B
RL;WFIKKN2
RL;MYBL1
RL;CRIP1
RL;UBE2C
RL;PGM5P2
RL;HMGB2
RL;HIST1H2BJ
RL;NUF2
RL;RAD51AP1
RL;HIST1H1D
RL;INHBB
RL;HIST1H1B
RL;ASPM
RL;RIBC2
RL;ANO2
RL;CASZ1
RL;C2orf48
RL;KIAA0101
RL;TULP1
RL;RRM2
RL;HIST1H3J
RL;CENPF
RL;TOP2A
RL;TK1
RL;MFNG
RL;HIST1H3H
RL;HIST1H3F
RL;DDIT4L
RL;KIF14
RL;CDC25C
RL;DACH2
RL;E2F7
RL;EYA4
RL;CEP55
RL;CCNB2
RL;HIST1H2BB
RL;DEPDC1
RL;HIST1H2BL
RL;GCNT1
RL;MIR1251
RL;KRT18
RL;KCNH5
RL;MYLK3
RL;DLGAP5
RL;HIST1H1T
RL;LOC441155
RL;HIST1H2BM
RL;CYTL1
RL;HIST1H3D
RL;FLVCR2
RL;BMF
RL;LHCGR
RL;EXO1
RL;NDC80
RL;CASC5
RL;POU5F1B
RL;DEPDC1B
RL;TPPP3
RL;TROAP
RL;HIST1H2AL
RL;FKBP5
RL;PTTG1
RL;HIST1H3G
RL;DDX31
RL;E2F1
RL;RASGEF1B
RL;TTK
RL;FOLR1
RL;KIF15
RL;TPD52L1
RL;BIRC5
RL;LINC00478
RL;TGFB3
RL;CENPU
RL;CDK1
RL;CXorf30
RL;CKAP2L
RL;CEP152
RL;LAMA3
RL;EGFEM1P
RL;LRRC2
RL;NEK2
RL;CA4
RL;HIST1H1C
RL;CXorf22
RL;NEIL3
RL;SKA1
RL;HIST1H2BO
RL;FRMPD1
RL;SMC4
RL;ECT2
RL;XKR5
RL;MXD3
RL;CCNE2
RL;ESCO2
RL;SGOL1
RL;HIST1H2BI
RL;PIF1
RL;FAM83D
RL;HIST1H2BH
RL;CCDC147
RL;ACRV1
RL;KCNA5
RL;CDCA8
RL;SPAG5
RL;CDC45
RL;FMO1
RL;MIR548F2
RL;CENPA
RL;HIST1H2AJ
RL;TRIM59
RL;GRIK1-AS2
RL;HIST1H1A
RL;DSG2
RL;BRIP1
RL;IL1A
RL;HJURP
RL;HK2
RL;FAM111B
RL;KIF11
RL;HIST1H2AM
RL;KIF2C
RL;AURKB
RL;KIF20A
RL;SNORA80A
RL;PRC1
RL;DIAPH3
RL;IQGAP2
RL;CDCA2
RL;LTBP1
RL;DCDC1
RL;LHX4
RL;ASB9P1
RL;ZFHX4
RL;E2F8
RL;GTSE1
RL;POLQ
RL;HIST1H2AG
RL;DGKB
RL;UNC5B
RL;CENPE
RL;BUB1B
RL;PSMB9
RL;RTKN2
RL;NUSAP1
RL;MDK
RL;SPC25
RL;GBP1
RL;KIFC1
RL;HIST1H2BE
RL;CP
RL;PMCH
RL;GABRD
RL;KCNK13
RL;GLT8D2
RL;GADD45G
RL;CCNB1
RL;FRMD4B
RL;MAD2L1
RL;UBE2T
RL;KIF18A
RL;ACTA2
RL;MCM10
RL;HIST3H2BB
RL;GDF6
RL;CHDC2
RL;SV2C
RL;ASF1B
RL;FBXO43
RL;ZWINT
RL;C1QTNF6
RL;VRK1
RL;NCAPH
RL;CASQ2
RL;DLEU2
RL;VWA5A
RL;CDC20
RL;CDC20B
RL;CDKN3
RL;TSHZ3
RL;EFHD1
RL;BUB1
RL;ARHGAP11B
RL;CPAMD8
RL;MIR133A1HG
RL;COL14A1
RL;CMC1
RL;KIF23
RL;HIST1H4H
RL;PRDX1
RL;CDCA3
RL;ORC6
RL;FAM64A
RL;BARHL1
RL;CENPI
RL;HIST1H2AH
RL;GSG2
RL;KRT8
RL;DTL
RL;ITGB4
RL;AQP1
RL;FAM179A
RL;POTEF
RL;OR7E14P
RL;BRCA2
RL;BTG3
RL;XRCC2
RL;HIST1H2AI
RL;PRR11
RL;ATAD2
RL;HIST1H4D
RL;FANCI
RL;HIST1H3I
RL;NCAPG
RL;TMC5
RL;IQGAP3
RL;SKA3
RL;ANLN
RL;CLSPN
RL;ARHGEF39
RL;HIST1H2AB
RL;HIST1H3A
RL;KIF4A
RL;GIF
RL;SNORA71D
RL;RHBDL3
RL;HIST1H4A
RL;MIS18BP1
RL;HIST1H4B
RL;FAS
RL;E2F2
RL;KIF20B
RL;COLGALT2
RL;BLM
RL;C12orf5
RL;IMPA2
RL;STX3
RL;USP2-AS1
RL;WLS
RL;ANP32C
RL;NKD1
RL;ADAMTS16
RL;CHEK2
RL;HIST2H3D
RL;GJD2
RL;FBXO10
RL;HIST1H3C
RL;C12orf79
RL;RBM24
RL;HMMR
RL;AURKA
RL;CDCA5
RL;HIST1H4L
RL;DSN1
RL;GLIPR1L1
RL;MST4
RL;IFITM1
RL;CLYBL
RL;TSPAN9
RL;ITPRIP
RL;RAD51
RL;HIST1H2BG
RL;MYO7A
RL;GK5
RL;ERICH6B
RL;ADH1A
RL;XKRX
RL;FBLN1
RL;TESK2
RL;HIST1H4I
RL;ZNF367
RL;ACTL6A
RL;MKI67
RL;HES6
RL;SFR1
RL;PLK1
RL;HIST1H1E
RL;ELP4
RL;CTBS
RL;LOC399815
RL;SPC24
RL;MELK
RL;CKS2
RL;DENND2C
RL;CCNA2
RL;TYMSOS
RL;BRCA1
RL;CKS1B
RL;HIST1H2BD
RL;SHCBP1
RL;EDARADD
RL;SAMD3
RL;TPX2
RL;LRR1
RL;HIST1H3E
RL;GALNT12
RL;PDLIM4
RL;DDX12P
RL;CENPN
RL;FREM1
RL;KIF19
RL;ESPL1
RL;MAMDC2
RL;CENPM
RL;CTSV
RL;IGDCC3
RL;TMPO
RL;HNRNPU-AS1
RL;MYBL2
RL;HIST1H2BC
RL;HIST1H4C
RL;FAM111A
RL;HIST1H2BK
RL;XPO4
RL;EMILIN2
RL;TACC3
RL;HIST2H2BF
RL;HELLS
RL;ANTXR2
RL;ZNF492
RL;PARPBP
RL;RXRG
RL;UHRF1
RL;TMEM45A
RL;FBXO5
RL;UNCX
RL;APCDD1
RL;BMP6
RL;HMGN2
RL;ORC1
RL;LOC100288637
RL;HSPB2
RL;WDR76
RL;IGSF9
RL;GPR171
RL;FANCD2
RL;MIR7-1
RL;OIP5
RL;HAUS8
RL;CCDC15
RL;CLGN
RL;TAS2R46
RL;TICRR
RL;DEPDC7
RL;KNTC1
RL;APOL4
RL;GPR87
RL;CTGF
RL;NDE1
RL;PROKR2
RL;TTF2
RL;TMEM132C
RL;DBF4
RL;TBR1
RL;RASGRF2
RL;SNORA55
RL;AQP5
RL;STON1
RL;ERCC6L
RL;VAMP5
RL;KIAA1524
RL;UCP2
RL;TIMELESS
RL;SNORA64
RL;FAM174B
RL;PLEKHF2
RL;CDC6
RL;C12orf60
RL;EDA
RL;MND1
RL;GMNN
RL;LOC641367
RL;CHEK1
RL;KIF24
RL;HIST2H2AB
RL;CDCA4
RL;HIST1H2BF
RL;GNB3
RL;PDLIM7
RL;TCN1
RL;SNORA77
RL;CENPK
RL;PCNA
RL;P4HA2
RL;GPR98
RL;FOXM1
RL;RUNX2
RL;TYRP1
RL;CRABP2
RL;TYMS
RL;C1orf111
RL;TRAIP
RL;SNX20
RL;DRAXIN
RL;KHDRBS2
RL;PBK
RL;VIPR2
RL;HIST1H2AK
RL;MMS22L
RL;NCAPD2
RL;DKFZP434L187
RL;NLRC5
RL;ADH4
RL;SLFN12
RL;CDK6
RL;CRISPLD2
RL;SH3TC2
RL;C4orf46
RL;STIL
RL;RDM1
RL;FBN2
RL;KCNRG
RL;EZH2
RL;LGR5
RL;FAM84B
RL;FBXL21
RL;TPH1
RL;CACNA2D1
RL;ITGB3BP
RL;TMEM194A
RL;GEN1
RL;CPLX3
RL;SSBP3-AS1
RL;CCDC81
RL;NRN1
RL;COL4A6
RL;C7orf63
RL;TERC
RL;"NAALADL2"
RL;PLK4
RL;DPY19L3
RL;CCND2
RL;ZGRF1
RL;AJUBA
RL;GALNT3
RL;SNORD31
RL;CENPH
RL;MCM8
RL;CEP164
RL;RACGAP1
RL;ZNF560
RL;CER1
RL;TMEM237
RL;RFX4
RL;GRM8
RL;CDKN2C
RL;RCOR2
RL;ARHGAP11A
RL;PMFBP1
RL;CABP7
RL;GRIK1
RL;IQGAP1
RL;RNASEH2A
RL;IFITM3
RL;RNF133
RL;ASAP1
RL;TCF7
RL;SPX
RL;POLA2
RL;MTFR2
RL;MFAP2
RL;ZRANB2-AS1
RL;UTY
RL;PKMYT1
RL;PAX6
RL;TMEM2
RL;RAD54L
RL;NPPA
RL;CHRM4
RL;AVPR2
RL;WDR62
RL;CBX2
RL;KIF18B
RL;INSM2
RL;NCKAP5
RL;GPR176
RL;TAGLN2
RL;TM4SF18
RL;RASL11B
RL;SYNE2
RL;DSC2
RL;WEE1
RL;WNT10B
RL;HIST1H2AE
RL;MNS1
RL;LOXL1
RL;ARHGEF19
RL;EFS
RL;ATAD5
RL;ECHDC3
RL;FANCA
RL;C21orf91
RL;FSIP2
RL;PRSS35
RL;COL4A3
RL;PLCH1
RL;FEN1
RL;CCDC77
RL;CKAP2
RL;PLCZ1
RL;MCM7
RL;GADD45A
RL;TMPRSS5
RL;TMCC1-AS1
RL;TAS2R20
RL;HIST1H4F
RL;MAPK15
RL;NRL
RL;SMC2
RL;HIST1H2BN
RL;EFCAB1
RL;ZNF732
RL;CNGA3
RL;PAWR
RL;RMI2
RL;TMPRSS7
RL;SLC16A9
RL;HAPLN1
RL;SCARNA22
RL;CEBPD
RL;C21orf58
RL;DEK
RL;LMNB1
RL;SGOL2
RL;HIST2H2AC
RL;ZNF878
RL;DLX3
RL;DNA2
RL;PLD1
RL;MCM2
RL;KNSTRN
RL;TRIP10
RL;SNORA67
RL;WDHD1
RL;ADCYAP1
RL;TAS2R30
RL;FAM72B
RL;LDLRAD3
RL;SLC1A5
RL;LIN9
RL;FAM133CP
RL;MLLT3
RL;PCBP4
RL;SLC45A3
RL;LRRC70
RL;CCNA1
RL;NIPAL4
RL;C1orf112
RL;CTSH
RL;SERINC5
RL;CHAF1A
RL;C8orf76
RL;IGFBPL1
RL;LOC100335030
RL;GINS2
RL;ANGPTL3
RL;CTNNAL1
RL;ADH6
RL;TM4SF1
RL;ZNF90
RL;SLC16A10
EGL;NPS
EGL;ACTC1
EGL;WDR72
EGL;SNORA80B
EGL;SLFN11
EGL;DCT
EGL;CENPW
EGL;FOXN4
EGL;NMU
EGL;PPP1R17
EGL;CDHR1
EGL;TP73
EGL;HIST1H3B
EGL;MYBL1
EGL;UBE2C
EGL;HMGB2
EGL;HIST1H2BJ
EGL;NUF2
EGL;RAD51AP1
EGL;HIST1H1D
EGL;HIST1H1B
EGL;ASPM
EGL;C2orf48
EGL;KIAA0101
EGL;RRM2
EGL;HIST1H3J
EGL;CENPF
EGL;TOP2A
EGL;TK1
EGL;MFNG
EGL;HIST1H3H
EGL;HIST1H3F
EGL;DDIT4L
EGL;KIF14
EGL;CDC25C
EGL;E2F7
EGL;CEP55
EGL;CCNB2
EGL;HIST1H2BB
EGL;DEPDC1
EGL;HIST1H2BL
EGL;DLGAP5
EGL;HIST1H1T
EGL;HIST1H2BM
EGL;CYTL1
EGL;HIST1H3D
EGL;EXO1
EGL;NDC80
EGL;CASC5
EGL;DEPDC1B
EGL;TROAP
EGL;HIST1H2AL
EGL;FKBP5
EGL;PTTG1
EGL;HIST1H3G
EGL;E2F1
EGL;TTK
EGL;KIF15
EGL;BIRC5
EGL;CENPU
EGL;CDK1
EGL;CKAP2L
EGL;CEP152
EGL;NEK2
EGL;HIST1H1C
EGL;NEIL3
EGL;SKA1
EGL;HIST1H2BO
EGL;SMC4
EGL;ECT2
EGL;XKR5
EGL;MXD3
EGL;CCNE2
EGL;ESCO2
EGL;SGOL1
EGL;HIST1H2BI
EGL;PIF1
EGL;FAM83D
EGL;HIST1H2BH
EGL;ACRV1
EGL;CDCA8
EGL;SPAG5
EGL;CDC45
EGL;MIR548F2
EGL;CENPA
EGL;HIST1H2AJ
EGL;TRIM59
EGL;DSG2
EGL;BRIP1
EGL;HJURP
EGL;HK2
EGL;FAM111B
EGL;KIF11
EGL;HIST1H2AM
EGL;KIF2C
EGL;AURKB
EGL;KIF20A
EGL;SNORA80A
EGL;PRC1
EGL;DIAPH3
EGL;CDCA2
EGL;DCDC1
EGL;GTSE1
EGL;POLQ
EGL;HIST1H2AG
EGL;CENPE
EGL;BUB1B
EGL;PSMB9
EGL;RTKN2
EGL;NUSAP1
EGL;SPC25
EGL;KIFC1
EGL;PMCH
EGL;CCNB1
EGL;MAD2L1
EGL;UBE2T
EGL;KIF18A
EGL;MCM10
EGL;ASF1B
EGL;FBXO43
EGL;ZWINT
EGL;NCAPH
EGL;DLEU2
EGL;CDC20
EGL;CDKN3
EGL;BUB1
EGL;ARHGAP11B
EGL;MIR133A1HG
EGL;KIF23
EGL;HIST1H4H
EGL;CDCA3
EGL;ORC6
EGL;FAM64A
EGL;CENPI
EGL;HIST1H2AH
EGL;GSG2
EGL;DTL
EGL;BRCA2
EGL;BTG3
EGL;XRCC2
EGL;HIST1H2AI
EGL;PRR11
EGL;ATAD2
EGL;FANCI
EGL;NCAPG
EGL;IQGAP3
EGL;SKA3
EGL;ANLN
EGL;CLSPN
EGL;HIST1H2AB
EGL;KIF4A
EGL;GIF
EGL;SNORA71D
EGL;HIST1H4A
EGL;MIS18BP1
EGL;HIST1H4B
EGL;E2F2
EGL;KIF20B
EGL;BLM
EGL;IMPA2
EGL;STX3
EGL;CHEK2
EGL;HIST2H3D
EGL;HIST1H3C
EGL;HMMR
EGL;AURKA
EGL;CDCA5
EGL;HIST1H4L
EGL;DSN1
EGL;GLIPR1L1
EGL;MST4
EGL;CLYBL
EGL;RAD51
EGL;HIST1H2BG
EGL;MYO7A
EGL;FBLN1
EGL;HIST1H4I
EGL;ZNF367
EGL;ACTL6A
EGL;MKI67
EGL;HES6
EGL;SFR1
EGL;PLK1
EGL;HIST1H1E
EGL;LOC399815
EGL;SPC24
EGL;MELK
EGL;CKS2
EGL;CCNA2
EGL;BRCA1
EGL;CKS1B
EGL;HIST1H2BD
EGL;SHCBP1
EGL;TPX2
EGL;LRR1
EGL;HIST1H3E
EGL;GALNT12
EGL;CENPN
EGL;KIF19
EGL;ESPL1
EGL;CENPM
EGL;TMPO
EGL;HNRNPU-AS1
EGL;MYBL2
EGL;HIST1H2BK
EGL;TACC3
EGL;HELLS
EGL;ANTXR2
EGL;ZNF492
EGL;UHRF1
EGL;FBXO5
EGL;HMGN2
EGL;ORC1
EGL;LOC100288637
EGL;WDR76
EGL;FANCD2
EGL;MIR7-1
EGL;OIP5
EGL;CCDC15
EGL;CLGN
EGL;TAS2R46
EGL;TICRR
EGL;DEPDC7
EGL;KNTC1
EGL;APOL4
EGL;NDE1
EGL;TTF2
EGL;DBF4
EGL;ERCC6L
EGL;KIAA1524
EGL;UCP2
EGL;TIMELESS
EGL;CDC6
EGL;MND1
EGL;GMNN
EGL;LOC641367
EGL;CHEK1
EGL;TCN1
EGL;CENPK
EGL;PCNA
EGL;TYMS
EGL;PBK
EGL;HIST1H2AK
EGL;MMS22L
EGL;NCAPD2
EGL;NLRC5
EGL;CDK6
EGL;CRISPLD2
EGL;STIL
EGL;RDM1
EGL;ITGB3BP
EGL;TMEM194A
EGL;GEN1
EGL;CPLX3
EGL;NRN1
EGL;PLK4
EGL;SNORD31
EGL;CENPH
EGL;CDKN2C
EGL;RCOR2
EGL;ARHGAP11A
EGL;MTFR2
EGL;ZRANB2-AS1
EGL;UTY
EGL;PAX6
EGL;AVPR2
EGL;CBX2
EGL;INSM2
EGL;RASL11B
EGL;WEE1
EGL;LOXL1
EGL;ARHGEF19
EGL;EFS
EGL;FSIP2
EGL;MCM7
EGL;TMCC1-AS1
EGL;TAS2R20
EGL;ZNF732
EGL;RMI2
EGL;SLC16A9
EGL;SGOL2
EGL;DLX3
EGL;MCM2
EGL;WDHD1
EGL;TAS2R30
EGL;SLC1A5
EGL;FAM133CP
EGL;LRRC70
EGL;IGFBPL1
EGL;GINS2
EGL;ADH6
EGL;SRL
EGL;RPL13AP3
EGL;SNORD27
EGL;DLEU1
EGL;H2AFZ
EGL;SNORD100
EGL;CCDC36
EGL;C11orf82
EGL;POLE2
EGL;HSD11B2
EGL;HMGN5
EGL;MCM3
EGL;CDCA7L
EGL;LOC81691
EGL;BAZ1A
EGL;ANG
EGL;SNORD6
EGL;OR10V2P
EGL;MFAP4
EGL;BORA
EGL;AKR7A2P1
EGL;CCDC150
EGL;POLA1
EGL;PLS1
EGL;MYCL
EGL;GINS4
EGL;FKBP7
EGL;SLC2A4
EGL;SNORD29
EGL;RCC2
EGL;SNRPB
EGL;DKKL1
EGL;TMEM243
EGL;PKN3
EGL;RPL22L1
EGL;TEAD2
EGL;GNRH1
EGL;TGFBR1
EGL;TRIP13
EGL;GNG5
EGL;BTC
EGL;PRIM2
EGL;"NAP1L1"
EGL;FAM60A
EGL;PMAIP1
EGL;COL4A5
EGL;FAM117A
EGL;ZNF600
EGL;DERA
EGL;ANP32B
EGL;RPL39
EGL;NPY
EGL;RPS7
EGL;ST7-OT4
EGL;STBD1
EGL;ASPN
EGL;RAI14
EGL;MT1F
EGL;RPS6
EGL;MGAM
EGL;COL10A1
EGL;RPL35A
EGL;EMILIN3
EGL;TMEM98
EGL;CRYBG3
EGL;BARHL2
EGL;HNRNPA1
EGL;SLC39A11
EGL;OR4M2
EGL;NPM1
EGL;GLIPR2
EGL;GDPD4
EGL;CXorf57
EGL;RPS3A
EGL;HSD17B11
EGL;FBL
EGL;TMEM97
EGL;RNASE4
EGL;RPL10A
EGL;ROR1
EGL;KLRAP1
EGL;EBPL
EGL;HESX1
EGL;MGP
EGL;CXCR6
EGL;SCML2
EGL;SDC2
EGL;FAM175A
EGL;MTAP
EGL;ATOH1
EGL;CCDC109B
EGL;MTHFD2
EGL;VRK2
EGL;INSM1
EGL;SNORA76C
EGL;IER5
EGL;SNORD50B
EGL;C19orf48
EGL;RND3
EGL;MAMSTR
EGL;PLP2
EGL;WRN
EGL;MIR216B
EGL;ACAA2
EGL;CYP24A1
EGL;CA14
EGL;TERT
EGL;RPS21
EGL;TBC1D8B
EGL;ADCK3
EGL;BCL2L12
EGL;PHF19
EGL;CCNB1IP1
EGL;ENO3
EGL;EFNA4
EGL;LOC100129940
EGL;SP5
EGL;YBX3
EGL;LTC4S
EGL;ZEB1
EGL;MIPOL1
EGL;SLC35D2
EGL;SMCO4
EGL;DAPL1
EGL;LINC00092
EGL;PIEZO2
EGL;LOC102724663
EGL;GPC6
EGL;GAS1
EGL;FAM210B
EGL;LPPR1
EGL;TSPO
EGL;RHOBTB3
EGL;PLXNB2
EGL;SEC24D
EGL;IGF2BP1
EGL;ETV6
EGL;PLBD1
EGL;TCF15
EGL;WNT10A
EGL;HS3ST3A1
EGL;SLC25A21
EGL;FLNB
EGL;PRLR
EGL;PDLIM1
EGL;PLK3
EGL;COL21A1
EGL;RRAD
EGL;DMRTA1
EGL;PCK2
EGL;NFE2L3
EGL;ESR2
EGL;NT5DC1
EGL;MLPH
EGL;CYYR1
EGL;MT1X
EGL;PHF20L1
EGL;PNPLA2
EGL;DCDC5
EGL;GATA6
EGL;MYCN
EGL;OSBPL3
EGL;NXPH3
EGL;ROR2
EGL;CRB1
EGL;CCIN
EGL;AMELX
EGL;CXCR4
EGL;LINC01124
EGL;NKX3-2
EGL;FAP
EGL;CLEC4G
EGL;PCBP3
EGL;PDE1C
EGL;UGT8
EGL;SLC19A1
EGL;LPAR6
EGL;CCSER2
EGL;HMGA2
EGL;CES1
EGL;HS3ST3B1
EGL;CCDC3
EGL;CLEC18C
EGL;KCNH6
EGL;SPON2
EGL;NFATC1
EGL;CACNA1S
EGL;FLRT3
EGL;HEY1
EGL;SPNS3
EGL;OR4N3P
EGL;FGFR4
EGL;GRASP
EGL;SLC8B1
EGL;SOWAHC
EGL;PPP1R14A
EGL;CAPN6
EGL;MGARP
EGL;KIAA1210
EGL;RCAN3
EGL;FHL2
EGL;C7orf31
EGL;NRIP2
EGL;SPSB4
EGL;ELK3
EGL;FRK
EGL;IGFBP5
EGL;LURAP1L
EGL;NHLH1
EGL;EXPH5
EGL;ATP6V1B1
EGL;RGR
EGL;MET
EGL;TNFAIP8L3
EGL;PRKD1
EGL;PDGFC
EGL;FSTL4
EGL;EFCAB4A
EGL;UCN3
EGL;LHX8
EGL;CHRNA1
EGL;SLC6A3
EGL;TEX15
EGL;TMPRSS6
EGL;LDB3
EGL;SYNGR4
EGL;KCNG2
EGL;ITGBL1
EGL;SPNS2
EGL;TNFRSF18
EGL;VSTM4
EGL;PLCH2
EGL;ARSI
EGL;ABCB4
EGL;DMKN
EGL;SNX29P1
EGL;MCOLN3
EGL;RIN1
EGL;FBXO17
EGL;TNFSF13B
EGL;TCP10L
EGL;NTRK1
EGL;RAB26
EGL;CLEC18A
EGL;ATAD3C
EGL;IP6K3
EGL;LINC01299
EGL;ANKRD18B
EGL;ADAMTS6
EGL;DRD2
EGL;FLRT2
EGL;S100A4
EGL;SLC44A3
EGL;RGS9
EGL;PGF
EGL;ALOX5
EGL;PPEF1
EGL;RYR3
EGL;BMP5
EGL;NPHS2
EGL;SLC47A1
EGL;SLC2A14
EGL;ARSF
EGL;GAB3
EGL;PVALB
EGL;ECHDC2
EGL;SLC1A7
EGL;IFLTD1
EGL;DLL3
EGL;CLDN4
EGL;MAFA
EGL;CHRND
EGL;FOXS1
EGL;B4GALNT3
EGL;CDK15
EGL;NTN1
EGL;SFRP1
EGL;MRAP2
EGL;ZAN
EGL;A4GALT
EGL;ITPR3
EGL;FLT4
EGL;SEMA7A
EGL;CCER2
EGL;UPK3B
EGL;GRIN2C
EGL;SCGN
EGL;CMTM7
EGL;RGS10
EGL;LOC283731
EGL;PLXND1
EGL;CPM
EGL;PRPH
EGL;ITIH2
EGL;TMEM71
EGL;P4HA3
EGL;SLC12A3
EGL;SOSTDC1
EGL;TRHDE-AS1
EGL;THSD7B
EGL;PDLIM3
EGL;CRLF1
EGL;FGF8
EGL;CYP11A1
EGL;PCSK9
EGL;ADAMTS14
EGL;DYTN
EGL;NDST3
EGL;TRHDE
EGL;HMCN2
EGL;LOC729739
EGL;OTX1
EGL;PODN
EGL;GGNBP1
EGL;SIX3
EGL;LRRK1
EGL;BSND
EGL;ALDH1A3
EGL;PRR35
EGL;KLK4
EGL;SLC6A2
EGL;NA
EGL;NA
EGL;NA
EGL;NA
EGL;NA
EGL;NA
EGL;NA
EGL;NA
EGL;NA
EGL;NA
EGL;NA
EGL;NA
EGL;NA
EGL;NA
EGL;NA
PCL;PMCH
PCL;CASQ2
PCL;WLS
PCL;RBM20
PCL;IL20RA
PCL;SEMA3A
PCL;TMPRSS15
PCL;B3GALTL
PCL;STEAP1
PCL;SLC2A2
PCL;IRF6
PCL;UNC5D
PCL;OVCH1
PCL;CERS3
PCL;STK17B
PCL;METTL21C
PCL;LMO7DN
PCL;VWDE
PCL;TDRD6
PCL;SLC26A5
PCL;STRIP2
PCL;CNTN3
PCL;THBS4
PCL;MYPN
PCL;AGBL1
PCL;HLA-DRA
PCL;TLR2
PCL;ARG1
PCL;CNTN6
PCL;KCNMA1
PCL;WEE2
PCL;PAXIP1OS
PCL;CACNG5
PCL;GDF5
PCL;GIPC2
PCL;BAAT
PCL;DGKG
PCL;ZNF208
PCL;SUPT20HL2
PCL;ZDHHC23
PCL;NEXN
PCL;ANKRD2
PCL;FOXP2
PCL;IGF1
PCL;TPTE2P6
PCL;PCP2
PCL;SNORD114-1
PCL;ADAMTS3
PCL;PRSS22
PCL;ELOVL7
PCL;SEC14L6
PCL;FAM196B
PCL;GUCY2D
PCL;CDH3
PCL;EPHA4
PCL;KCNIP4
PCL;DHRS2
PCL;TMEM154
PCL;AKAP7
PCL;RAB3C
PCL;COX7A1
PCL;TRPC3
PCL;C2CD4A
PCL;PVALB
PCL;MAST4
PCL;SLC35F4
PCL;SLC5A10
PCL;KIAA1107
PCL;DCDC2C
PCL;SNORD114-20
PCL;SNORD114-28
PCL;IL12RB2
PCL;NRK
PCL;PROCR
PCL;CD8B
PCL;ARHGEF33
PCL;GABRA1
PCL;DLG2
PCL;SNORD114-21
PCL;MCTP2
PCL;AMY2A
PCL;ITPKA
PCL;PCOLCE2
PCL;CCDC33
PCL;SNORD113-4
PCL;ARAP2
PCL;FGL2
PCL;CADM2
PCL;IL31RA
PCL;UGT3A2
PCL;SDR42E1
PCL;COL6A6
PCL;EBF2
PCL;M1AP
PCL;CFTR
PCL;CDH10
PCL;SMPX
PCL;RORA
PCL;HCG4
PCL;MFAP5
PCL;CDH9
PCL;RYR1
PCL;FABP12
PCL;SPOCK3
PCL;CDS1
PCL;TLL2
PCL;CRISP2
PCL;CORIN
PCL;RDH12
PCL;SEMA3E
PCL;NGFR
PCL;AMDHD1
PCL;ZNF385C
PCL;MGAT4C
PCL;PLEKHD1
PCL;BSPH1
PCL;PRKCG
PCL;LGALS7B
PCL;TP53AIP1
PCL;SDR16C5
PCL;SLC1A6
PCL;STAC
PCL;GRB14
PCL;ANAPC1P1
PCL;PCP4L1
PCL;CALB1
PCL;TGFA
PCL;KIAA0226L
PCL;WFDC2
PCL;MTL5
PCL;EPCAM
PCL;PKP1
PCL;ASPG
PCL;BSPRY
PCL;ARHGAP20
PCL;SCN2A
PCL;IL1RAPL2
PCL;PDE11A
PCL;PNOC
PCL;DCHS2
PCL;CA8
PCL;THBS1
PCL;C3orf55
PCL;ITPR1
PCL;GPR26
PCL;KITLG
PCL;FAM26E
PCL;SST
PCL;SHH
PCL;ATP12A
PCL;IL22
PCL;NPFFR2
PCL;SCN7A
PCL;EGFL6
PCL;LTK
PCL;PADI1
PCL;SOWAHA
PCL;AP1M2
PCL;GOLT1A
PCL;CYP2S1
PCL;ALDH1A3
PCL;NEFM
PCL;SKOR2
PCL;WNT16
PCL;IL1RL2
PCL;NPSR1
PCL;CRB3
PCL;NDNF
PCL;NA
PCL;NA
PCL;NA
PCL;NA
PCL;NA
PCL;NA
PCL;NA
PCL;NA
PCL;NA
PCL;NA
PCL;NA
PCL;NA
PCL;NA
PCL;NA
PCL;NA
PCL;NA
PCL;NA
PCL;NA
PCL;NA
PCL;NA
PCL;NA
PCL;NA
PCL;NA
PCL;NA
PCL;NA
PCL;NA
PCL;NA
PCL;NA
PCL;NA
PCL;NA
PCL;NA
PCL;NA
PCL;NA
PCL;NA
PCL;NA
PCL;NA
PCL;NA
PCL;NA
PCL;NA
PCL;NA
PCL;NA
PCL;NA
PCL;NA
PCL;NA
PCL;NA
PCL;NA
PCL;NA
PCL;NA
PCL;NA
PCL;NA
PCL;NA
PCL;NA
PCL;NA
PCL;NA
PCL;NA
PCL;NA
PCL;NA
PCL;NA
PCL;NA
PCL;NA
PCL;NA
PCL;NA
PCL;NA
PCL;NA
PCL;NA
PCL;NA
PCL;NA
PCL;NA
PCL;NA
PCL;NA
PCL;NA
PCL;NA
PCL;NA
PCL;NA
PCL;NA
PCL;NA
PCL;NA
PCL;NA
PCL;NA
PCL;NA
PCL;NA
PCL;NA
PCL;NA
PCL;NA
PCL;NA
PCL;NA
PCL;NA
PCL;NA
PCL;NA
PCL;NA
PCL;NA
PCL;NA
PCL;NA
PCL;NA
PCL;NA
PCL;NA
PCL;NA
PCL;NA
PCL;NA
PCL;NA
PCL;NA
PCL;NA
PCL;NA
PCL;NA
PCL;NA
PCL;NA
PCL;NA
PCL;NA
PCL;NA
PCL;NA
PCL;NA
PCL;NA
PCL;NA
PCL;NA
PCL;NA
PCL;NA
PCL;NA
PCL;NA
PCL;NA
PCL;NA
PCL;NA
PCL;NA
PCL;NA
PCL;NA
PCL;NA
PCL;NA
PCL;NA
PCL;NA
PCL;NA
PCL;NA
PCL;NA
PCL;NA
PCL;NA
PCL;NA
PCL;NA
PCL;NA
PCL;NA
PCL;NA
PCL;NA
PCL;NA
PCL;NA
PCL;NA
PCL;NA
PCL;NA
PCL;NA
PCL;NA
PCL;NA
PCL;NA
PCL;NA
PCL;NA
PCL;NA
PCL;NA
PCL;NA
PCL;NA
PCL;NA
PCL;NA
PCL;NA
PCL;NA
PCL;NA
PCL;NA
PCL;NA
PCL;NA
PCL;NA
PCL;NA
PCL;NA
PCL;NA
PCL;NA
PCL;NA
PCL;NA
PCL;NA
PCL;NA
PCL;NA
PCL;NA
PCL;NA
PCL;NA
PCL;NA
PCL;NA
PCL;NA
PCL;NA
PCL;NA
PCL;NA
PCL;NA
PCL;NA
PCL;NA
PCL;NA
PCL;NA
PCL;NA
PCL;NA
PCL;NA
PCL;NA
PCL;NA
PCL;NA
PCL;NA
PCL;NA
PCL;NA
PCL;NA
PCL;NA
PCL;NA
PCL;NA
PCL;NA
PCL;NA
PCL;NA
PCL;NA
PCL;NA
PCL;NA
PCL;NA
PCL;NA
PCL;NA
PCL;NA
PCL;NA
PCL;NA
PCL;NA
PCL;NA
PCL;NA
PCL;NA
PCL;NA
PCL;NA
PCL;NA
PCL;NA
PCL;NA
PCL;NA
PCL;NA
PCL;NA
PCL;NA
PCL;NA
PCL;NA
PCL;NA
PCL;NA
PCL;NA
PCL;NA
PCL;NA
PCL;NA
PCL;NA
PCL;NA
PCL;NA
PCL;NA
PCL;NA
PCL;NA
PCL;NA
PCL;NA
PCL;NA
PCL;NA
PCL;NA
PCL;NA
PCL;NA
PCL;NA
PCL;NA
PCL;NA
PCL;NA
PCL;NA
PCL;NA
PCL;NA
PCL;NA
PCL;NA
PCL;NA
PCL;NA
PCL;NA
PCL;NA
PCL;NA
PCL;NA
PCL;NA
PCL;NA
PCL;NA
PCL;NA
PCL;NA
PCL;NA
PCL;NA
PCL;NA
PCL;NA
PCL;NA
PCL;NA
PCL;NA
PCL;NA
PCL;NA
PCL;NA
PCL;NA
PCL;NA
PCL;NA
PCL;NA
PCL;NA
PCL;NA
PCL;NA
PCL;NA
PCL;NA
PCL;NA
PCL;NA
PCL;NA
PCL;NA
PCL;NA
PCL;NA
PCL;NA
PCL;NA
PCL;NA
PCL;NA
PCL;NA
PCL;NA
PCL;NA
PCL;NA
PCL;NA
PCL;NA
PCL;NA
PCL;NA
PCL;NA
PCL;NA
PCL;NA
PCL;NA
PCL;NA
PCL;NA
PCL;NA
PCL;NA
PCL;NA
PCL;NA
PCL;NA
PCL;NA
PCL;NA
PCL;NA
PCL;NA
PCL;NA
PCL;NA
PCL;NA
PCL;NA
PCL;NA
PCL;NA
PCL;NA
PCL;NA
PCL;NA
PCL;NA
PCL;NA
PCL;NA
PCL;NA
PCL;NA
PCL;NA
PCL;NA
PCL;NA
PCL;NA
PCL;NA
PCL;NA
PCL;NA
PCL;NA
PCL;NA
PCL;NA
PCL;NA
PCL;NA
PCL;NA
PCL;NA
PCL;NA
PCL;NA
PCL;NA
PCL;NA
PCL;NA
PCL;NA
PCL;NA
PCL;NA
PCL;NA
PCL;NA
PCL;NA
PCL;NA
PCL;NA
PCL;NA
PCL;NA
PCL;NA
PCL;NA
PCL;NA
PCL;NA
PCL;NA
PCL;NA
PCL;NA
PCL;NA
PCL;NA
PCL;NA
PCL;NA
PCL;NA
PCL;NA
PCL;NA
PCL;NA
PCL;NA
PCL;NA
PCL;NA
PCL;NA
PCL;NA
PCL;NA
PCL;NA
PCL;NA
PCL;NA
PCL;NA
PCL;NA
PCL;NA
PCL;NA
PCL;NA
PCL;NA
PCL;NA
PCL;NA
PCL;NA
PCL;NA
PCL;NA
PCL;NA
PCL;NA
PCL;NA
PCL;NA
PCL;NA
PCL;NA
PCL;NA
PCL;NA
PCL;NA
PCL;NA
PCL;NA
PCL;NA
PCL;NA
PCL;NA
PCL;NA
PCL;NA
PCL;NA
PCL;NA
PCL;NA
PCL;NA
PCL;NA
PCL;NA
PCL;NA
PCL;NA
PCL;NA
PCL;NA
PCL;NA
PCL;NA
PCL;NA
PCL;NA
PCL;NA
PCL;NA
PCL;NA
PCL;NA
PCL;NA
PCL;NA
PCL;NA
PCL;NA
PCL;NA
PCL;NA
PCL;NA
PCL;NA
PCL;NA
PCL;NA
PCL;NA
PCL;NA
PCL;NA
PCL;NA
PCL;NA
PCL;NA
PCL;NA
PCL;NA
PCL;NA
PCL;NA
PCL;NA
PCL;NA
PCL;NA
PCL;NA
PCL;NA
PCL;NA
PCL;NA
PCL;NA
PCL;NA
PCL;NA
